titulo,casas,local,preco,bairro,cidade,descriçao,atributos,quartos,banheiro
Casa aluguel Bairro Maracangalha Zap,"Quartos br Sala br Cozinha br Banheiro br Garagem br Área de serviço. Casa com 2 dormitórios, 1 banheiro, 1 [...]"," Maracangalha, Belém ",800, Maracangalha, Belém ,"AluguelR$800 /mêsCasa aluguel Bairro Maracangalha ZapQuartos br Sala br Cozinha br Banheiro br Garagem br Área de serviço. Casa com 2 dormitórios, 1 banheiro, 1 [...", 2 Dormitórios 1 Banheiro 1 Vaga na garagem, 2 ,1
CASA 2 QUARTOS,"Em vila contendo 2 quartos,1 banheiro,cozinha, sala, área de serviço e sacada. br bem ventilada, quem tiver [...]"," Pedreira, Belém ",820, Pedreira, Belém ,"AluguelR$820 /mêsCASA 2 QUARTOSEm vila contendo 2 quartos,1 banheiro,cozinha, sala, área de serviço e sacada. br bem ventilada, quem tiver [...", 2 Dormitórios 1 Banheiro, 2 ,1
"Casa em Vila, na Tv. 9 de Janeiro","Casas em vila, situada na Tv. 9 de Janeiro n° 2.945, em frente a Catedral da Igreja Quadrangular, padrão de [...]"," Condor, Belém ",900, Condor, Belém ,"AluguelR$900 /mêsCasa em Vila, na Tv. 9 de JaneiroCasas em vila, situada na Tv. 9 de Janeiro n° 2.945, em frente a Catedral da Igreja Quadrangular, padrão de [...", 2 Dormitórios 1 Banheiro, 2 ,1
Imóvel para locação,"Imóvel para alugar localizado na Avenida Perimetral, próximo a marquês, com as seguintes qualidades br -Imóvel [...]"," Marco, Belém ",1500, Marco, Belém ,"AluguelR$1.500 /mêsImóvel para locaçãoImóvel para alugar localizado na Avenida Perimetral, próximo a marquês, com as seguintes qualidades br -Imóvel [...", 3 Dormitórios 2 Banheiros, 3 ,2
CASA TÉRREO DE 01 QUARTO - COD 1792,"TERREA PROXIMA AO BOSQUE RODRIGUES ALVES, AO HANGAR, POSTO DE GASOLINA, EM OTIMA LOCALIZACAO 01 QUARTO - SEM GARAGEM. [...]"," Marco, Belém ",900, Marco, Belém ,"AluguelR$900 /mêsCASA TÉRREO DE 01 QUARTO - COD 1792TERREA PROXIMA AO BOSQUE RODRIGUES ALVES, AO HANGAR, POSTO DE GASOLINA, EM OTIMA LOCALIZACAO 01 QUARTO - SEM GARAGEM. [...", 1 Dormitório 1 Banheiro, 1 ,1
Aluga-se Kit nets em Canudos,"Kit nets em Canudos na Passagem Nazaré número 80 entre Cipriano Santos e Roso Danin. Br Fica próximo à Feiras, [...]"," Chapéu Virado, Belém ",480, Chapéu Virado, Belém ,"AluguelR$480 /mêsAluga-se Kit nets em CanudosKit nets em Canudos na Passagem Nazaré número 80 entre Cipriano Santos e Roso Danin. Br Fica próximo à Feiras, [...", 1 Dormitório 1 Banheiro, 1 ,1
ALUGO CASA COM 3 QUARTOS NA GENERALISSIMO,"NA GENERALISSIMO br br NA GENERALÍSSIMO DEODORO br AVENIDA GENERALÍSSIMO DEODORO, ENTE GENTIL E CONSELHEIRO [...]"," Umarizal, Belém ",2150, Umarizal, Belém ,"AluguelR$2.150 /mêsALUGO CASA COM 3 QUARTOS NA GENERALISSIMONA GENERALISSIMO br br NA GENERALÍSSIMO DEODORO br AVENIDA GENERALÍSSIMO DEODORO, ENTE GENTIL E CONSELHEIRO [...", 3 Dormitórios 1 Banheiro, 3 ,1
Lindo kit net c/ Ar condicionado em canudos Prox. Ao Líder,"Casinha estilo kitnet, com acabamento de primeira, muito aconchegante, com pátio/área de serviço, sala/cozinha [...]"," Canudos, Belém ",1000, Canudos, Belém ,"AluguelR$1.000 /mêsLindo kit net c/ Ar condicionado em canudos Prox. Ao LíderCasinha estilo kitnet, com acabamento de primeira, muito aconchegante, com pátio/área de serviço, sala/cozinha [...", 1 Dormitório 1 Banheiro, 1 ,1
Sobrado para aluguel tem 1100 m² com 20 quartos em Nazaré - Belém - PA,Uma magnífica Casa na rua Dr. Moraes no bairro de Nazaré em Belém. Capital do Pará. Br br Construção [...]," Nazaré, Belém ",50000, Nazaré, Belém ,AluguelR$50.000 /mêsSobrado para aluguel tem 1100 m² com 20 quartos em Nazaré - Belém - PAUma magnífica Casa na rua Dr. Moraes no bairro de Nazaré em Belém. Capital do Pará. Br br Construção [..., 5 Dormitórios 5 Banheiros 5 Vagas na garagem, 5 ,5
Aluguel de Casa - Bairro do Marco,"Casa Sala, Garagem, Lavabo, Dois Quarto pequenos, Um banheiro, Terraço, Cozinha e Pátio. 3 andares, cada andar [...]"," Marco, Belém ",1500, Marco, Belém ,"AluguelR$1.500 /mêsAluguel de Casa - Bairro do MarcoCasa Sala, Garagem, Lavabo, Dois Quarto pequenos, Um banheiro, Terraço, Cozinha e Pátio. 3 andares, cada andar [...", 2 Dormitórios 1 Banheiro 1 Vaga na garagem, 2 ,1
"Locação Excelente Casa para residência, Órgão e Comercio","Localização excelente, no bairro de Nazaré, Encontra-se Um Casarão com Aproximadamente 400 metros quadrados [...]"," Nazaré, Belém ",12000, Nazaré, Belém ,"AluguelR$12.000 /mêsLocação Excelente Casa para residência, Órgão e ComercioLocalização excelente, no bairro de Nazaré, Encontra-se Um Casarão com Aproximadamente 400 metros quadrados [...", 3 Dormitórios 3 Banheiros 5 Vagas na garagem, 3 ,3
2 quartos sendo 1 suíte na dom Romualdo de seixas R$ 1.500,"Dom Romualdo de Seixas, 184 - Umarizal, Belém - PA, 66050-110 br br Entre Municipalidade e Pedro Alvares Cabral [...]"," Umarizal, Belém ",1500, Umarizal, Belém ,"AluguelR$1.500 /mês2 quartos sendo 1 suíte na dom Romualdo de seixas R$ 1.500Dom Romualdo de Seixas, 184 - Umarizal, Belém - PA, 66050-110 br br Entre Municipalidade e Pedro Alvares Cabral [...", 2 Dormitórios 2 Banheiros, 2 ,2
"Casa 3 dormitórios, 217 m² - Marco - Belém/PA","Com 3 dormitórios - 217m² - Marco - Belém/PA br br Localizado na Trav. Timbó, ao lado da autoescola Foca, [...]"," Marco, Belém ",2500, Marco, Belém ,"AluguelR$2.500 /mêsCasa 3 dormitórios, 217 m² - Marco - Belém/PACom 3 dormitórios - 217m² - Marco - Belém/PA br br Localizado na Trav. Timbó, ao lado da autoescola Foca, [...", 3 Dormitórios 2 Banheiros 1 Vaga na garagem, 3 ,2
Casa no Marco para Residência ou Comercial,"POLARO CRECI 6773CNAI 25961 br br ALUGA EXCELENTE CASA SERVINDO PARA RESIDÊNCIA OU COMERCIAL, TEM PISO NO PORCELANATO, [...]"," Marco, Belém ",3500, Marco, Belém ,"AluguelR$3.500 /mêsCasa no Marco para Residência ou ComercialPOLARO CRECI 6773CNAI 25961 br br ALUGA EXCELENTE CASA SERVINDO PARA RESIDÊNCIA OU COMERCIAL, TEM PISO NO PORCELANATO, [...", 3 Dormitórios 1 Banheiro 2 Vagas na garagem, 3 ,1
Alugo ponto comercial no Marco,"Na travessa Angustura, n° 3319, entre às avenidas Almirante Barroso e Rômulo Maiorana, o imóvel possui na [...]"," Marco, Belém ",4300, Marco, Belém ,"AluguelR$4.300 /mêsAlugo ponto comercial no MarcoNa travessa Angustura, n° 3319, entre às avenidas Almirante Barroso e Rômulo Maiorana, o imóvel possui na [...", 4 Dormitórios 2 Banheiros 1 Vaga na garagem, 4 ,2
"Alugamos uma casa com 2 pavimentos, 4 quartos (3 suítes) na Travessa 3 de Maio, São Brás","Uma casa na Travessa 3 de Maio, 1075 entre Av. Governador José Malcher e Av. Magalhães Barata, Bairro São Brás. [...]"," São Brás, Belém ",4000, São Brás, Belém ,"AluguelR$4.000 /mêsAlugamos uma casa com 2 pavimentos, 4 quartos (3 suítes) na Travessa 3 de Maio, São BrásUma casa na Travessa 3 de Maio, 1075 entre Av. Governador José Malcher e Av. Magalhães Barata, Bairro São Brás. [...", 4 Dormitórios 4 Banheiros 1 Vaga na garagem, 4 ,4
ALUGUEL- CASA COM 4 QUARTOS NO MARCO,"- Espaçosa casa no bairro do Marco. 04 quartos sendo um suíte. Sala de estar, de jantar, cozinha, área de serviço [...]"," Marco, Belém ",2200, Marco, Belém ,"AluguelR$2.200 /mêsALUGUEL- CASA COM 4 QUARTOS NO MARCO- Espaçosa casa no bairro do Marco. 04 quartos sendo um suíte. Sala de estar, de jantar, cozinha, área de serviço [...", 4 Dormitórios 2 Banheiros 2 Vagas na garagem, 4 ,2
Térrea para aluguel tem 300 metros quadrados com 1 quarto em Marco - Belém - PA,"Para Fins comerciais, localizada na Travessa Timbó, nº2752, entre Almirante Barroso e Rômulo Maiorana, bairro [...]"," Marco, Belém ",12000, Marco, Belém ,"AluguelR$12.000 /mêsTérrea para aluguel tem 300 metros quadrados com 1 quarto em Marco - Belém - PAPara Fins comerciais, localizada na Travessa Timbó, nº2752, entre Almirante Barroso e Rômulo Maiorana, bairro [...", 1 Dormitório 1 Banheiro 2 Vagas na garagem, 1 ,1
Casa para aluguel com 200 metros quadrados com 3 quartos em Curió-Utinga - Belém - Pará,Casa está localizado no bairro Curió-Utinga com 200 metros quadrados com 3 quartos sendo 1 suite e 3 banheiros," Curió, Belém ",2300, Curió, Belém ,AluguelR$2.300 /mêsCasa para aluguel com 200 metros quadrados com 3 quartos em Curió-Utinga - Belém - ParáCasa está localizado no bairro Curió-Utinga com 200 metros quadrados com 3 quartos sendo 1 suite e 3 banheiros 3 Dormitórios 3 Banheiros 2 Vagas na garagem,Desconhecido,0,0
Aluguel de Casa na Sacramenta,"Na Passagem Bandeirante II, próximo à Av. Pedro Alvares Cabral, com 160 m2, 4 quartos, 1 banheiro, 2 suítes [...]"," Pedreira, Belém ",950, Pedreira, Belém ,"AluguelR$950 /mêsAluguel de Casa na SacramentaNa Passagem Bandeirante II, próximo à Av. Pedro Alvares Cabral, com 160 m2, 4 quartos, 1 banheiro, 2 suítes [...", 4 Dormitórios 2 Banheiros 1 Vaga na garagem, 4 ,2
Aluga-se Ponto de esquina no Tapanã,"De esquina. Br br Perfeito para residencia, comércio, depósitos, igrejas. Br br NUMERO PARA CONTATO br (91) [...]"," Tapanã, Belém ",500, Tapanã, Belém ,"AluguelR$500 /mêsAluga-se Ponto de esquina no TapanãDe esquina. Br br Perfeito para residencia, comércio, depósitos, igrejas. Br br NUMERO PARA CONTATO br (91) [...", 2 Dormitórios 1 Banheiro, 2 ,1
Aluga-se casa nos altos,"Se uma casa nos Altos do terceiro andar. Br Sendo Dois quartos, Sala e cozinha conjugadas, banheiro e Área Ampla [...]"," Batista Campos, Belém ",1150, Batista Campos, Belém ,"AluguelR$1.150 /mêsAluga-se casa nos altosSe uma casa nos Altos do terceiro andar. Br Sendo Dois quartos, Sala e cozinha conjugadas, banheiro e Área Ampla [...", 2 Dormitórios 1 Banheiro, 2 ,1
Casa 02 pavimentos e garagem na Sacramenta,"Casa de 02 pavimentos com garagem no bairro da Sacramenta. Br br Térreo garagem, sala, cozinha, banheiro social [...]"," Sacramenta, Belém ",1100, Sacramenta, Belém ,"AluguelR$1.100 /mêsCasa 02 pavimentos e garagem na SacramentaCasa de 02 pavimentos com garagem no bairro da Sacramenta. Br br Térreo garagem, sala, cozinha, banheiro social [...", 2 Dormitórios 2 Banheiros 1 Vaga na garagem, 2 ,2
Kitnet 2quartos,"Pequena casa tipo kitnet, 2quartos,excelente localização, perto supermercado,fácil estacionamento, local seguro [...]"," Pedreira, Belém ",600, Pedreira, Belém ,"AluguelR$600 /mêsKitnet 2quartosPequena casa tipo kitnet, 2quartos,excelente localização, perto supermercado,fácil estacionamento, local seguro [...", 2 Dormitórios 1 Banheiro, 2 ,1
ALUGO CASA NA DIOGO MOIA,"Casa está localizado no bairro Umarizal com 3 quartos sendo 1 suite e 3 banheiros. Casa com 3 dormitórios, 3 [...]"," Umarizal, Belém ",2500, Umarizal, Belém ,"AluguelR$2.500 /mêsALUGO CASA NA DIOGO MOIACasa está localizado no bairro Umarizal com 3 quartos sendo 1 suite e 3 banheiros. Casa com 3 dormitórios, 3 [...", 3 Dormitórios 3 Banheiros, 3 ,3
"Prédio na Humaitá, excelente localização","Prédio bem localizado na Travessa Humaitá nº 1.733, entre as Avenidas Duque de Caxias e Visconde Inhaúma, [...]"," Pedreira, Belém ",10000, Pedreira, Belém ,"AluguelR$10.000 /mêsPrédio na Humaitá, excelente localizaçãoPrédio bem localizado na Travessa Humaitá nº 1.733, entre as Avenidas Duque de Caxias e Visconde Inhaúma, [...", 3 Dormitórios 5 Banheiros, 3 ,5
CASA COM 2 QUARTOS ( PEDREIRA,"Casa na lomas Valentina com 2 quartos, cozinha, banheiro, pátio. Perto de supermercados, padarias, farmácias, [...]"," Pedreira, Belém ",1200, Pedreira, Belém ,"AluguelR$1.200 /mêsCASA COM 2 QUARTOS ( PEDREIRACasa na lomas Valentina com 2 quartos, cozinha, banheiro, pátio. Perto de supermercados, padarias, farmácias, [...", 2 Dormitórios 1 Banheiro, 2 ,1
Alugo Casa Com 3 Quartos Na Villa 3 de Maior,"NA GENERALÍSSIMO DEODORO br br NA GENERALÍSSIMO DEODORO br AVENIDA GENERALÍSSIMO DEODORO, ENTE GENTIL E CONSELHEIRO [...]"," São Brás, Belém ",2150, São Brás, Belém ,"AluguelR$2.150 /mêsAlugo Casa Com 3 Quartos Na Villa 3 de MaiorNA GENERALÍSSIMO DEODORO br br NA GENERALÍSSIMO DEODORO br AVENIDA GENERALÍSSIMO DEODORO, ENTE GENTIL E CONSELHEIRO [...", 3 Dormitórios 2 Banheiros, 3 ,2
Casa para aluguel possui 2000 metros quadrados com 5 quartos em Batista Campos - Belém - P,29 (91) 9 9980.0219 br br A casa no bairro Batista Campos com 2000 metros quadrados com 5 quartos e 6 banheiros," Batista Campos, Belém ",12000, Batista Campos, Belém ,AluguelR$12.000 /mêsCasa para aluguel possui 2000 metros quadrados com 5 quartos em Batista Campos - Belém - P29 (91) 9 9980.0219 br br A casa no bairro Batista Campos com 2000 metros quadrados com 5 quartos e 6 banheiros 5 Dormitórios 5 Banheiros,Desconhecido,0,0
Casa de 1/4 com Garagem,"Casa Térrea com um quarto grande e com garagem pra dois carros, cozinha/sala, área de serviço e banheiro. Casa [...]"," Cabanagem, Belém ",800, Cabanagem, Belém ,"AluguelR$800 /mêsCasa de 1/4 com GaragemCasa Térrea com um quarto grande e com garagem pra dois carros, cozinha/sala, área de serviço e banheiro. Casa [...", 1 Dormitório 1 Banheiro 2 Vagas na garagem, 1 ,1
Casa no conjunto orlando lobato,"Casa com 3 quartos, sala, cozinha, banheiro, lavatório, quintal, despensa e vaga para 2 carros"," Parque Verde, Belém ",850, Parque Verde, Belém ,"AluguelR$850 /mêsCasa no conjunto orlando lobatoCasa com 3 quartos, sala, cozinha, banheiro, lavatório, quintal, despensa e vaga para 2 carros 3 Dormitórios 2 Vagas na garagem",Desconhecido,0,0
Alugo em Mosqueiro,"Ponto comercial medindo x22, que serve para depósito de gás, ou outros. R$. 099,00 o mês br ponto comercial, [...]"," Vila, Belém ",800, Vila, Belém ,"AluguelR$800 /mêsAlugo em MosqueiroPonto comercial medindo x22, que serve para depósito de gás, ou outros. R$. 099,00 o mês br ponto comercial, [...", 3 Dormitórios 4 Banheiros 1 Vaga na garagem, 3 ,4
PRÉDIO CLÍNICA MÉDICA POPULAR OU ODONTOLÓGICA,"EXCELENTE IMÓVEL TÉRREO COM 3 SALAS COM INSTALAÇÃO PARA AR, PORTÃO ELETRÔNICO GARAGEM PARA 2 CARROS, NA [...]"," Belém, PA",2500, Belém, PA,"AluguelR$2.500 /mêsPRÉDIO CLÍNICA MÉDICA POPULAR OU ODONTOLÓGICAEXCELENTE IMÓVEL TÉRREO COM 3 SALAS COM INSTALAÇÃO PARA AR, PORTÃO ELETRÔNICO GARAGEM PARA 2 CARROS, NA [...",360m² de Área,0,0
"Aluga-se casa com duas suítes de dois andares no Guamá por R$ 1.100,00","Casa de dois andares na passagem Brasília no Guamá, casa com 2 vagas de garagem, sala, cozinha e lavanderia [...]"," Guamá, Belém ",1100, Guamá, Belém ,"AluguelR$1.100 /mêsAluga-se casa com duas suítes de dois andares no Guamá por R$ 1.100,00Casa de dois andares na passagem Brasília no Guamá, casa com 2 vagas de garagem, sala, cozinha e lavanderia [...", 2 Dormitórios 3 Banheiros 2 Vagas na garagem, 2 ,3
"Casa para alugar com 4 dormitórios em Condor, Belém cod 3627","CASA EM 02 PAVIMENTOS COM 02 VAGAS DE GARAGEM TERREO GARAGEM/PATIO, SALA, 01 QUARTO, 03 BANHEIROS, JARDIM DE [...]"," Condor, Belém ",3000, Condor, Belém ,"AluguelR$3.000 /mêsCasa para alugar com 4 dormitórios em Condor, Belém cod 3627CASA EM 02 PAVIMENTOS COM 02 VAGAS DE GARAGEM TERREO GARAGEM/PATIO, SALA, 01 QUARTO, 03 BANHEIROS, JARDIM DE [...", 4 Dormitórios 3 Banheiros 2 Vagas na garagem, 4 ,3
Casa para aluguel tem 100 metros quadrados com 2 quartos em Tapanã (Icoaraci) - Belém - Pa,Casa no conjunto tapajos. Br 2 QUARTOS br banheiro social br sala de estar br cozinha br pátio br 3 vagas [...]," Tapanã, Belém ",1300, Tapanã, Belém ,AluguelR$1.300 /mêsCasa para aluguel tem 100 metros quadrados com 2 quartos em Tapanã (Icoaraci) - Belém - PaCasa no conjunto tapajos. Br 2 QUARTOS br banheiro social br sala de estar br cozinha br pátio br 3 vagas [..., 2 Dormitórios 1 Banheiro 3 Vagas na garagem, 2 ,1
VENDA/ALUGUEL,NA BERNAL DO COUTO br br A casa está localizado no bairro Umarizal com 300 metros quadrados com 3 quartos sendo [...]," Umarizal, Belém ",4000, Umarizal, Belém ,AluguelR$4.000 /mêsVENDA/ALUGUELNA BERNAL DO COUTO br br A casa está localizado no bairro Umarizal com 300 metros quadrados com 3 quartos sendo [..., 3 Dormitórios 2 Banheiros 2 Vagas na garagem, 3 ,2
Aluga-se ou vende-se,Localizada em Icoaraci Maracacuera 3 quartos sala garagem área de lava cozinha etc mas informações 985232491," Maracacuera, Belém ",900, Maracacuera, Belém ,AluguelR$900 /mêsAluga-se ou vende-seLocalizada em Icoaraci Maracacuera 3 quartos sala garagem área de lava cozinha etc mas informações 985232491 3 Dormitórios 1 Banheiro 1 Vaga na garagem,Desconhecido,0,0
CASA COM 3 QUARTOS COM VAGA DE GARAGEM,"QUARTOS SENDO 1 SUITE - 1 VAGA DE GARAGEM. Br br SALA DE ESTAR/JANTAR, BANHEIRO SOCIAL, COZINHA, AREA DE SERVICO [...]"," Castanheira, Belém ",1800, Castanheira, Belém ,"AluguelR$1.800 /mêsCASA COM 3 QUARTOS COM VAGA DE GARAGEMQUARTOS SENDO 1 SUITE - 1 VAGA DE GARAGEM. Br br SALA DE ESTAR/JANTAR, BANHEIRO SOCIAL, COZINHA, AREA DE SERVICO [...", 3 Dormitórios 1 Banheiro 1 Vaga na garagem, 3 ,1
Alugo casa!,"Casa com 2 quartos, sala e cozinha conjugadas e banheiro. Casa e no fundos de uma vila familiar, tem área pra [...]"," Condor, Belém ",750, Condor, Belém ,"AluguelR$750 /mêsAlugo casa!Casa com 2 quartos, sala e cozinha conjugadas e banheiro. Casa e no fundos de uma vila familiar, tem área pra [...", 2 Dormitórios 1 Banheiro, 2 ,1
Excelente casa em Icoaraci (Cruzeiro,"Imóvel possui 2/4, um banheiro social, uma suite, duas salas, cozinha grande, área de serviço, garagem e poço [...]"," Cruzeiro, Belém ",1000, Cruzeiro, Belém ,"AluguelR$1.000 /mêsExcelente casa em Icoaraci (CruzeiroImóvel possui 2/4, um banheiro social, uma suite, duas salas, cozinha grande, área de serviço, garagem e poço [...", 3 Dormitórios 2 Banheiros 1 Vaga na garagem, 3 ,2
Casa Mosqueiro,"Grande, com dois pavimentos. 3 suítes, 2 quartos, 3 vagas na garagem. Área de lazer e churrasqueira"," Chapéu Virado, Belém ",3000, Chapéu Virado, Belém ,"AluguelR$3.000 /mêsCasa MosqueiroGrande, com dois pavimentos. 3 suítes, 2 quartos, 3 vagas na garagem. Área de lazer e churrasqueira 4 Dormitórios 4 Banheiros 3 Vagas na garagem",Desconhecido,0,0
Aluga-se Casa no Jurunas,"Média (vila) ideal para casais ou no máximo 3 pessoas, com 2 quartos, uma sala, banheiro, cozinha e uma pequena [...]"," Jurunas, Belém ",800, Jurunas, Belém ,"AluguelR$800 /mêsAluga-se Casa no JurunasMédia (vila) ideal para casais ou no máximo 3 pessoas, com 2 quartos, uma sala, banheiro, cozinha e uma pequena [...", 2 Dormitórios 1 Banheiro, 2 ,1
Imovel 2 Pavimentos Servindo Para Residência ou Comércio na Tv Djalma Dutra,2 Pavimentos Servindo Para Residencia ou Comercio c 324m2 na Tv Djalma Dutra entre Senador Lemos e Pedro Alvares [...]," Umarizal, Belém ",980000, Umarizal, Belém ,AluguelR$980.000 /mêsImovel 2 Pavimentos Servindo Para Residência ou Comércio na Tv Djalma Dutra2 Pavimentos Servindo Para Residencia ou Comercio c 324m2 na Tv Djalma Dutra entre Senador Lemos e Pedro Alvares [..., 4 Dormitórios 4 Banheiros 1 Vaga na garagem, 4 ,4
Alugo está casa grande,"Essa casa, ela tem um quarto, banheiro, vários compartimentos grandes. Casa bonita. Para para quem tem renda [...]"," Campina de Icoaraci, Belém ",1200, Campina de Icoaraci, Belém ,"AluguelR$1.200 /mêsAlugo está casa grandeEssa casa, ela tem um quarto, banheiro, vários compartimentos grandes. Casa bonita. Para para quem tem renda [...", 1 Dormitório 1 Banheiro 2 Vagas na garagem, 1 ,1
"Casa térrea na Barão px.a Pedro Miranda, local seguro e tranquilo","ótima casa contendo pátio, sala, 2/4, cozinha, wc e área, toda gradeada, na Barão do Triunfo entre Pedro Miranda [...]"," Pedreira, Belém ",1250, Pedreira, Belém ,"AluguelR$1.250 /mêsCasa térrea na Barão px.a Pedro Miranda, local seguro e tranquiloótima casa contendo pátio, sala, 2/4, cozinha, wc e área, toda gradeada, na Barão do Triunfo entre Pedro Miranda [...", 2 Dormitórios 1 Banheiro, 2 ,1
Casa bem localizada,"Bem localizada, próxima de supermercados,parada de ônibus, farmácias,lanchonete. Com dois quartos, banheiro [...]"," Coqueiro, Belém ",800, Coqueiro, Belém ,"AluguelR$800 /mêsCasa bem localizadaBem localizada, próxima de supermercados,parada de ônibus, farmácias,lanchonete. Com dois quartos, banheiro [...", 2 Dormitórios 1 Banheiro, 2 ,1
Aluga-se casa na cabanagem,Perto da lotérica feiras parada de ônibus ! br Localizada na rua maranhense br Entra em contato 982884287," Cabanagem, Belém ",300, Cabanagem, Belém ,AluguelR$300 /mêsAluga-se casa na cabanagemPerto da lotérica feiras parada de ônibus ! br Localizada na rua maranhense br Entra em contato 9828842871 Dormitório,Desconhecido,0,0
Alugo duas casas no res.Carmelandia,"Lajotadas.forradas.gradeadas.novas.sala.dois quartos.coz.wc lavanderia.(R$600.00)a primeira,e (R$700.00)tratrar.(91)983560394"," Mangueirão, Belém ",650, Mangueirão, Belém ,"AluguelR$650 /mêsAlugo duas casas no res.CarmelandiaLajotadas.forradas.gradeadas.novas.sala.dois quartos.coz.wc lavanderia.(R$600.00)a primeira,e (R$700.00)tratrar.(91)9835603942 Dormitórios",Desconhecido,0,0
Aluga_se,"Uma casa altos e baixo no bairro do Guamá, 3 quarto em cima, em baixo banheiro, cozinha,sala e um pátio pequeno [...]"," Guamá, Belém ",700, Guamá, Belém ,"AluguelR$700 /mêsAluga_seUma casa altos e baixo no bairro do Guamá, 3 quarto em cima, em baixo banheiro, cozinha,sala e um pátio pequeno [...", 3 Dormitórios 1 Banheiro, 3 ,1
KIT NET NOVO NO MARCO!!!,"PARA MORAR, NOVO.Alugo kit net. Fica no bairro Marco, na travessa mariz e Barros. 01 quarto 01 sala 01 cozinha [...]"," Pedreira, Belém ",950, Pedreira, Belém ,"AluguelR$950 /mêsKIT NET NOVO NO MARCO!!!PARA MORAR, NOVO.Alugo kit net. Fica no bairro Marco, na travessa mariz e Barros. 01 quarto 01 sala 01 cozinha [...", 1 Dormitório 1 Banheiro, 1 ,1
Casa altos com 1 suíte para alugar no Satélite,"De morar bem! Casa localizada no Satélite, no bairro do coqueiro, com 1 suíte, sala e cozinha, nO início da [...]"," Coqueiro, Belém ",850, Coqueiro, Belém ,"AluguelR$850 /mêsCasa altos com 1 suíte para alugar no SatéliteDe morar bem! Casa localizada no Satélite, no bairro do coqueiro, com 1 suíte, sala e cozinha, nO início da [...", 1 Dormitório 1 Banheiro, 1 ,1
Alugo Casa,"Casa na Rua Nova 768 com garagem, varanda, sala, 2 quartos sendo um suíte, copa cozinha e área de serviço. [...]"," Pedreira, Belém ",1600, Pedreira, Belém ,"AluguelR$1.600 /mêsAlugo CasaCasa na Rua Nova 768 com garagem, varanda, sala, 2 quartos sendo um suíte, copa cozinha e área de serviço. [...", 2 Dormitórios 2 Banheiros 1 Vaga na garagem, 2 ,2
Residencia na Tv Djalma Dutra com Sacada Gourmet e Terraço prox Senador Lemos,Residência com 162 m2 - Altos - na Tv Djalma Dutra entre Senador Lemos e Pedro Alvares Cabral com Sacada Gourmet [...]," Umarizal, Belém ",2800, Umarizal, Belém ,AluguelR$2.800 /mêsResidencia na Tv Djalma Dutra com Sacada Gourmet e Terraço prox Senador LemosResidência com 162 m2 - Altos - na Tv Djalma Dutra entre Senador Lemos e Pedro Alvares Cabral com Sacada Gourmet [..., 2 Dormitórios 2 Banheiros, 2 ,2
Casa para aluguel com 150 metros quadrados com 2 quartos em Pedreira - Belém - PA,PEGADO ALUGA br br CASA NA SACRAMENTA PRÓX DA Av. DOUTOR FREITAS br COM SENADOR LEMOS br NA RUA MAGALHÃES COM [...]," Pedreira, Belém ",2500, Pedreira, Belém ,AluguelR$2.500 /mêsCasa para aluguel com 150 metros quadrados com 2 quartos em Pedreira - Belém - PAPEGADO ALUGA br br CASA NA SACRAMENTA PRÓX DA Av. DOUTOR FREITAS br COM SENADOR LEMOS br NA RUA MAGALHÃES COM [..., 2 Dormitórios 2 Banheiros 1 Vaga na garagem, 2 ,2
Casa para aluguel possui 143 metros quadrados com 2 quartos em Marco - Belém - PA,05 casa no Marco fone 981949110 whatsapp br br A casa está localizado no bairro Marco tem 143 metros quadrados [...]," Marco, Belém ",2300, Marco, Belém ,AluguelR$2.300 /mêsCasa para aluguel possui 143 metros quadrados com 2 quartos em Marco - Belém - PA05 casa no Marco fone 981949110 whatsapp br br A casa está localizado no bairro Marco tem 143 metros quadrados [..., 2 Dormitórios 2 Banheiros 2 Vagas na garagem, 2 ,2
Casa térreo com 1 suíte para alugar no Satélite,"De morar bem! Casa localizada no Satélite, no bairro do coqueiro, com 1 suíte, sala e cozinha, nO início da [...]"," Coqueiro, Belém ",900, Coqueiro, Belém ,"AluguelR$900 /mêsCasa térreo com 1 suíte para alugar no SatéliteDe morar bem! Casa localizada no Satélite, no bairro do coqueiro, com 1 suíte, sala e cozinha, nO início da [...", 1 Dormitório 1 Banheiro 1 Vaga na garagem, 1 ,1
Quitinete,"Uma Quitinete localizada na Avenida Roberto camelier 1297, Vila Real casa a.entre São silvestre e Quintino, br [...]"," Jurunas, Belém ",600, Jurunas, Belém ,"AluguelR$600 /mêsQuitineteUma Quitinete localizada na Avenida Roberto camelier 1297, Vila Real casa a.entre São silvestre e Quintino, br [...", 1 Dormitório 1 Banheiro, 1 ,1
Casa em mosqueiro para julho,Casa em mosqueiro para julho 2 quartos um banheiro área de lavar sala e cozinha pequena chama no zap para passar [...]," Mangueiras, Belém ",2000, Mangueiras, Belém ,AluguelR$2.000 /mêsCasa em mosqueiro para julhoCasa em mosqueiro para julho 2 quartos um banheiro área de lavar sala e cozinha pequena chama no zap para passar [..., 2 Dormitórios 1 Banheiro, 2 ,1
ALUGA-SE CASA NO SATÉLITE,"CASA COMPLETA POR 650 REIS br LOCALIZAÇÃO br CONJUNTO SATÉLITE WE 10, PRÓXIMO AO FINAL DA LINHA br CASA [...]"," Coqueiro, Belém ",650, Coqueiro, Belém ,"AluguelR$650 /mêsALUGA-SE CASA NO SATÉLITECASA COMPLETA POR 650 REIS br LOCALIZAÇÃO br CONJUNTO SATÉLITE WE 10, PRÓXIMO AO FINAL DA LINHA br CASA [...", 1 Dormitório 1 Banheiro 1 Vaga na garagem, 1 ,1
Alugo casa no tenone CELSO DANIEL,"Com 2/4,sala,cozinha,banheiro,área de serviço e garagem!. Casa com 2 dormitórios, 1 banheiro, 1 vaga na garagem, [...]"," Tenoné, Belém ",600, Tenoné, Belém ,"AluguelR$600 /mêsAlugo casa no tenone CELSO DANIELCom 2/4,sala,cozinha,banheiro,área de serviço e garagem!. Casa com 2 dormitórios, 1 banheiro, 1 vaga na garagem, [...", 2 Dormitórios 1 Banheiro 1 Vaga na garagem, 2 ,1
Aluga-se uma casa para passar 15 dias em mosqueiro,"Quarta, banheiro, sala e cozinha americana com um balcão e 4 cadeiras, área atrás da casa. (Tem geladeira, [...]"," Maracajá, Belém ",400, Maracajá, Belém ,"AluguelR$400 /mêsAluga-se uma casa para passar 15 dias em mosqueiroQuarta, banheiro, sala e cozinha americana com um balcão e 4 cadeiras, área atrás da casa. (Tem geladeira, [...", 1 Dormitório 1 Banheiro, 1 ,1
Casa para aluguel tem 70 metros quadrados com 3 quartos em São Brás - Belém - PA,"NA GENERALÍSSIMO DEODORO br AVENIDA GENERALÍSSIMO DEODORO, ENTE GENTIL E CONSELHEIRO FURTADO. Br BAIRRO NAZARÉ [...]"," São Brás, Belém ",2150, São Brás, Belém ,"AluguelR$2.150 /mêsCasa para aluguel tem 70 metros quadrados com 3 quartos em São Brás - Belém - PANA GENERALÍSSIMO DEODORO br AVENIDA GENERALÍSSIMO DEODORO, ENTE GENTIL E CONSELHEIRO FURTADO. Br BAIRRO NAZARÉ [...", 3 Dormitórios 2 Banheiros, 3 ,2
Galpão na Condor - Belém - PA,"Galpão com 950 metros quadrados. Br 13x75 br pé direito 6 metros br Portões, recem reformado. Br br Localizado [...]"," Condor, Belém ",5000, Condor, Belém ,"AluguelR$5.000 /mêsGalpão na Condor - Belém - PAGalpão com 950 metros quadrados. Br 13x75 br pé direito 6 metros br Portões, recem reformado. Br br Localizado [...", 1 Dormitório 2 Banheiros, 1 ,2
"Aluga - Casa Conj. Gleba I, Belém-PA","Casa Conj. Gleba I, Rua ldquo A ldquo, com sala, 2 quarto, sendo um suíte, wc social, copa/Cozinha, área de [...]"," Marambaia, Belém ",1200, Marambaia, Belém ,"AluguelR$1.200 /mêsAluga - Casa Conj. Gleba I, Belém-PACasa Conj. Gleba I, Rua ldquo A ldquo, com sala, 2 quarto, sendo um suíte, wc social, copa/Cozinha, área de [...", 2 Dormitórios 2 Banheiros, 2 ,2
Casa para alugar,"Casa térrea com sala, 2quartos, cozinha banheiro e área de serviço. br Localizado na rua Mariano (entroncamento), [...]"," Castanheira, Belém ",700, Castanheira, Belém ,"AluguelR$700 /mêsCasa para alugarCasa térrea com sala, 2quartos, cozinha banheiro e área de serviço. br Localizado na rua Mariano (entroncamento), [...", 2 Dormitórios 1 Banheiro, 2 ,1
Casa na pratinha,"Casa na pratinha, com 2 quartos, 1 banheiro, sala grande, cozinha, garagem, e uma area de serviço"," Tapanã, Belém ",550, Tapanã, Belém ,"AluguelR$550 /mêsCasa na pratinhaCasa na pratinha, com 2 quartos, 1 banheiro, sala grande, cozinha, garagem, e uma area de serviço 2 Dormitórios 1 Vaga na garagem",Desconhecido,0,0
Alugo casa no maçarico,Pra esse fim de semana sexta sábado domingo e segunda apenas mil reais br 3 quartos casa grande a 5 minutos [...]," Cidade Velha, Belém ",1000, Cidade Velha, Belém ,AluguelR$1.000 /mêsAlugo casa no maçaricoPra esse fim de semana sexta sábado domingo e segunda apenas mil reais br 3 quartos casa grande a 5 minutos [..., 3 Dormitórios 2 Banheiros 4 Vagas na garagem, 3 ,2
Quarto para alugar em casa na Batista Campos,"Do quarto somente por WhatsApp, 982486722 o quarto pode ir com a mobília ou sem. Br Quarto de Solteiro. Br É [...]"," Batista Campos, Belém ",600, Batista Campos, Belém ,"AluguelR$600 /mêsQuarto para alugar em casa na Batista CamposDo quarto somente por WhatsApp, 982486722 o quarto pode ir com a mobília ou sem. Br Quarto de Solteiro. Br É [...", 2 Dormitórios 1 Banheiro 1 Vaga na garagem, 2 ,1
Casa mosqueiro,Casa mosqueiro para os 15 primeiros finais de semana de julho. br Casa com br Piscina br Churrasqueira br [...]," Souza, Belém ",4500, Souza, Belém ,AluguelR$4.500 /mêsCasa mosqueiroCasa mosqueiro para os 15 primeiros finais de semana de julho. br Casa com br Piscina br Churrasqueira br [..., 2 Dormitórios 2 Banheiros 4 Vagas na garagem, 2 ,2
Térrea para aluguel possui 45 metros quadrados com 1 quarto em São Brás - Belém - PA,"Térrea está localizado no bairro São Brás tem 45 metros quadrados com 1 quarto e 1 banheiro, vaga de garagem, [...]"," São Brás, Belém ",1500, São Brás, Belém ,"AluguelR$1.500 /mêsTérrea para aluguel possui 45 metros quadrados com 1 quarto em São Brás - Belém - PATérrea está localizado no bairro São Brás tem 45 metros quadrados com 1 quarto e 1 banheiro, vaga de garagem, [...", 1 Dormitório 1 Banheiro 1 Vaga na garagem, 1 ,1
Casa para aluguel com 240 metros quadrados com 2 quartos em Sacramenta - Belém - PA,06- inf.9198088-5191 br br A casa está localizado no bairro Sacramenta possui 240 metros quadrados com 2 quartos [...]," Sacramenta, Belém ",2500, Sacramenta, Belém ,AluguelR$2.500 /mêsCasa para aluguel com 240 metros quadrados com 2 quartos em Sacramenta - Belém - PA06- inf.9198088-5191 br br A casa está localizado no bairro Sacramenta possui 240 metros quadrados com 2 quartos [..., 2 Dormitórios 1 Banheiro 5 Vagas na garagem, 2 ,1
Casa Alugo na Tv. Manoel Evaristo próx. Ao Formosa,"Alugo na Tv. Manoel Evaristo 1074, próx. Ao Formosa Umarizal, com pátio garagem, sala em L, 3 quartos, copa [...]"," Umarizal, Belém ",2500, Umarizal, Belém ,"AluguelR$2.500 /mêsCasa Alugo na Tv. Manoel Evaristo próx. Ao FormosaAlugo na Tv. Manoel Evaristo 1074, próx. Ao Formosa Umarizal, com pátio garagem, sala em L, 3 quartos, copa [...", 3 Dormitórios 1 Banheiro 1 Vaga na garagem, 3 ,1
Alugo casa com 2 pavimentos em Nazaré,"EM VILLA EM NAZARÉ br br EM FRENTE A BASILICA DE NAZARÉ br ( EM ALAMEDA FECHADA) br ALAMEDA MARIA DE JESUS, [...]"," Nazaré, Belém ",3800, Nazaré, Belém ,"AluguelR$3.800 /mêsAlugo casa com 2 pavimentos em NazaréEM VILLA EM NAZARÉ br br EM FRENTE A BASILICA DE NAZARÉ br ( EM ALAMEDA FECHADA) br ALAMEDA MARIA DE JESUS, [...", 3 Dormitórios 2 Banheiros 1 Vaga na garagem, 3 ,2
Casa para aluguel com 80 metros quadrados com 2 quartos em Nazaré - Belém - Pará,"(91)989373592 br br A casa no bairro Nazaré tem 80 metros quadrados com sala cozinha e 2 quartos, já bem com [...]"," Nazaré, Belém ",1600, Nazaré, Belém ,"AluguelR$1.600 /mêsCasa para aluguel com 80 metros quadrados com 2 quartos em Nazaré - Belém - Pará(91)989373592 br br A casa no bairro Nazaré tem 80 metros quadrados com sala cozinha e 2 quartos, já bem com [...", 2 Dormitórios 1 Banheiro 1 Vaga na garagem, 2 ,1
Casa belíssima no marco,"Toda no porcelanato, dois pavimentos,.dois quartos sendo o maior com closet e o ourtro com sacada"," Marco, Belém ",1000, Marco, Belém ,"AluguelR$1.000 /mêsCasa belíssima no marcoToda no porcelanato, dois pavimentos,.dois quartos sendo o maior com closet e o ourtro com sacada 2 Dormitórios 1 Banheiro",Desconhecido,0,0
Alugo casa(Marco fronteira com Pedreira,"Nos fundos, vila de família, casa com.3 quartos 1 cozinha, 1 banheiro, um varanda nos fundo e um quintal bem [...]"," Pedreira, Belém ",1500, Pedreira, Belém ,"AluguelR$1.500 /mêsAlugo casa(Marco fronteira com PedreiraNos fundos, vila de família, casa com.3 quartos 1 cozinha, 1 banheiro, um varanda nos fundo e um quintal bem [...", 3 Dormitórios 1 Banheiro, 3 ,1
Casa em salinas,Mobiliada br Ótima localização br Próximo ao maçarico br 7 quartos (4 suítes) br Piscina br Churrasqueira [...]," Marambaia, Belém ",900, Marambaia, Belém ,AluguelR$900 /mêsCasa em salinasMobiliada br Ótima localização br Próximo ao maçarico br 7 quartos (4 suítes) br Piscina br Churrasqueira [..., 5 Dormitórios 5 Banheiros 2 Vagas na garagem, 5 ,5
Aluguel,"Casa nova pronta pra uso em pleno Bairro da Marambaia,Belém Pá. Térreo. Br / Casa com 2quartos ( sendo um swit) [...]"," Belém, PA",1400, Belém, PA,"AluguelR$1.400 /mêsAluguelCasa nova pronta pra uso em pleno Bairro da Marambaia,Belém Pá. Térreo. Br / Casa com 2quartos ( sendo um swit) [...", 1 Dormitório 1 Suíte 2 Banheiros, 1 ,1
Alugo Kitnet,Kitnet na José Soares monte negro n9 entre 7 rua e Santa Maria toda murada com área interna para casal e bem [...]," Agulha, Belém ",450, Agulha, Belém ,AluguelR$450 /mêsAlugo KitnetKitnet na José Soares monte negro n9 entre 7 rua e Santa Maria toda murada com área interna para casal e bem [..., 1 Dormitório 1 Banheiro, 1 ,1
Alugo Casa,"Casa em São Brás com 2 quartos com armários embutidos, copa/cozinha, 2 banheiros área para estender roupas [...]"," São Brás, Belém ",1800, São Brás, Belém ,"AluguelR$1.800 /mêsAlugo CasaCasa em São Brás com 2 quartos com armários embutidos, copa/cozinha, 2 banheiros área para estender roupas [...", 2 Dormitórios 2 Banheiros 1 Vaga na garagem, 2 ,2
Aluguel de imóvel,Se um imóvel contendo 2/4 2 WC.1. Sala de jantar.copa cozinha área de serviço.sala estar sacada próximo do [...]," Barreiro, Belém ",1000, Barreiro, Belém ,AluguelR$1.000 /mêsAluguel de imóvelSe um imóvel contendo 2/4 2 WC.1. Sala de jantar.copa cozinha área de serviço.sala estar sacada próximo do [..., 2 Dormitórios 2 Banheiros, 2 ,2
"Alugo linda Casa de 01 quarto na Tv Castelo Branco, 235, Fátima - Belém - PA","Linda Casa de 01 quarto na Tv Castelo Branco, 235, Fátima - Belém - PA. Br Entre Domingos Marreiros e Boaventura. [...]"," Fátima, Belém ",800, Fátima, Belém ,"AluguelR$800 /mêsAlugo linda Casa de 01 quarto na Tv Castelo Branco, 235, Fátima - Belém - PALinda Casa de 01 quarto na Tv Castelo Branco, 235, Fátima - Belém - PA. Br Entre Domingos Marreiros e Boaventura. [...", 1 Dormitório 1 Banheiro, 1 ,1
Casa para aluguel tem 100 metros quadrados com 2 quartos em Sacramenta - Belém - PA,PEGADO ALUGA br br CASA NA SACRAMENTA br LOCALIZADA NA PASS SÃO JORGE PRÓXIMO br Av. SENADOR LEMOS ENTRE br [...]," Sacramenta, Belém ",1100, Sacramenta, Belém ,AluguelR$1.100 /mêsCasa para aluguel tem 100 metros quadrados com 2 quartos em Sacramenta - Belém - PAPEGADO ALUGA br br CASA NA SACRAMENTA br LOCALIZADA NA PASS SÃO JORGE PRÓXIMO br Av. SENADOR LEMOS ENTRE br [..., 2 Dormitórios 1 Banheiro, 2 ,1
Casa para aluguel (PARTE SUPERIOR) com 100 m² e 2 suítes,Aluguel somente do andar superior br - Casa com 100 metros quadrados br - 2 suítes br - 3 banheiros br - Sala [...]," Sacramenta, Belém ",1300, Sacramenta, Belém ,AluguelR$1.300 /mêsCasa para aluguel (PARTE SUPERIOR) com 100 m² e 2 suítesAluguel somente do andar superior br - Casa com 100 metros quadrados br - 2 suítes br - 3 banheiros br - Sala [..., 2 Dormitórios 3 Banheiros, 2 ,3
"Casa com 3 quartos, 2 banheiros e pequeno quintal na Av GeneralÍssimo Deodoro - São Brás","Com 3 quartos, 2 banheiros e pequeno quintal. Br Localização Av. Generalíssimo Deodoro - Entre Gentil Bittencourt [...]"," São Brás, Belém ",2100, São Brás, Belém ,"AluguelR$2.100 /mêsCasa com 3 quartos, 2 banheiros e pequeno quintal na Av GeneralÍssimo Deodoro - São BrásCom 3 quartos, 2 banheiros e pequeno quintal. Br Localização Av. Generalíssimo Deodoro - Entre Gentil Bittencourt [...", 3 Dormitórios 2 Banheiros, 3 ,2
Aluga.se casa tapana por RS 1.000.00 contato 98552.9440,Parque tapana. Na Rua castor. 32. Sendo 3 quartos 2 quartos suíte. Com central de ar. Cozinha. Área de serviço.e [...]," Jurunas, Belém ",1000, Jurunas, Belém ,AluguelR$1.000 /mêsAluga.se casa tapana por RS 1.000.00 contato 98552.9440Parque tapana. Na Rua castor. 32. Sendo 3 quartos 2 quartos suíte. Com central de ar. Cozinha. Área de serviço.e [..., 3 Dormitórios 3 Banheiros 2 Vagas na garagem, 3 ,3
Casa de vila para aluguel tem 300 metros quadrados com 3 quartos em Marco - Belém - PA,Casa de vila está localizado no bairro Marco possui 300 metros quadrados com 3 quartos sendo 3 suites e 3 banheiros [...]," Marco, Belém ",3000, Marco, Belém ,AluguelR$3.000 /mêsCasa de vila para aluguel tem 300 metros quadrados com 3 quartos em Marco - Belém - PACasa de vila está localizado no bairro Marco possui 300 metros quadrados com 3 quartos sendo 3 suites e 3 banheiros [..., 3 Dormitórios 3 Banheiros 3 Vagas na garagem, 3 ,3
Aluga-se Kit-net em vila no Umarizal próximo à UEPA,"Kit-net em vila no Umarizal próximo à UEPA, com quarto, sala e cozinha conjugadas e banheiro"," Umarizal, Belém ",600, Umarizal, Belém ,"AluguelR$600 /mêsAluga-se Kit-net em vila no Umarizal próximo à UEPAKit-net em vila no Umarizal próximo à UEPA, com quarto, sala e cozinha conjugadas e banheiro 1 Dormitório 1 Banheiro",Desconhecido,0,0
Casa para aluguel possui 200 metros quadrados com 3 quartos em Tenoné - Belém - Pará,"Ampla casa toda reformada, Conjunto Tenone próximo ao final da linha, escolas, feiras etc. Br 3 quartos sendo [...]"," Tenoné, Belém ",1000, Tenoné, Belém ,"AluguelR$1.000 /mêsCasa para aluguel possui 200 metros quadrados com 3 quartos em Tenoné - Belém - ParáAmpla casa toda reformada, Conjunto Tenone próximo ao final da linha, escolas, feiras etc. Br 3 quartos sendo [...", 3 Dormitórios 1 Banheiro 1 Vaga na garagem, 3 ,1
Antônia Carvalho Aluga Casa Em Vila Bairro de Nazaré,"EM NAZARÉ- ANTÔNIA br br EM FRENTE A BASILICA DE NAZARÉ br ( EM ALAMEDA FECHADA) br ALAMEDA MARIA DE JESUS, [...]"," Nazaré, Belém ",4000, Nazaré, Belém ,"AluguelR$4.000 /mêsAntônia Carvalho Aluga Casa Em Vila Bairro de NazaréEM NAZARÉ- ANTÔNIA br br EM FRENTE A BASILICA DE NAZARÉ br ( EM ALAMEDA FECHADA) br ALAMEDA MARIA DE JESUS, [...", 3 Dormitórios 2 Banheiros 1 Vaga na garagem, 3 ,2
Casa para aluguel tem 160 metros quadrados com 2 quartos em Pedreira - Belém - PA,Casa está localizado no bairro Pedreira possui 160 metros quadrados com 2 quartos sendo 1 suite e 2 banheiros," Pedreira, Belém ",2500, Pedreira, Belém ,AluguelR$2.500 /mêsCasa para aluguel tem 160 metros quadrados com 2 quartos em Pedreira - Belém - PACasa está localizado no bairro Pedreira possui 160 metros quadrados com 2 quartos sendo 1 suite e 2 banheiros 2 Dormitórios 2 Banheiros 1 Vaga na garagem,Desconhecido,0,0
Casa para alugar,Casa nos altos localizada na Rua John Engelhard n 15 esquina da passagem Fé em Deus. Br Bairro Pratinha 2 br [...]," Pratinha, Belém ",550, Pratinha, Belém ,AluguelR$550 /mêsCasa para alugarCasa nos altos localizada na Rua John Engelhard n 15 esquina da passagem Fé em Deus. Br Bairro Pratinha 2 br [..., 2 Dormitórios 1 Banheiro, 2 ,1
Aluga-se casa,"Bem localizada, em frente ao posto de saúde da terra firme, prox de escolas, faculdade, feira e farmácia br [...]"," Guamá, Belém ",700, Guamá, Belém ,"AluguelR$700 /mêsAluga-se casaBem localizada, em frente ao posto de saúde da terra firme, prox de escolas, faculdade, feira e farmácia br [...", 2 Dormitórios 1 Banheiro, 2 ,1
Casa altos e baixo,"Uma casa no bairro do tapana, contém 3 quartos,2 banheiros,quintal e cozinha grande,um pátio,Só não tá nas [...]"," Tapanã, Belém ",700, Tapanã, Belém ,"AluguelR$700 /mêsCasa altos e baixoUma casa no bairro do tapana, contém 3 quartos,2 banheiros,quintal e cozinha grande,um pátio,Só não tá nas [...", 3 Dormitórios 2 Banheiros, 3 ,2
Alugo casa na cabanagem de três andares,"Com Três quartos, sala cozinha, banheiro br Uma lavanderia e sacada br Contato 993156463 ou 981551560. Fica [...]"," Cabanagem, Belém ",500, Cabanagem, Belém ,"AluguelR$500 /mêsAlugo casa na cabanagem de três andaresCom Três quartos, sala cozinha, banheiro br Uma lavanderia e sacada br Contato 993156463 ou 981551560. Fica [...", 3 Dormitórios 1 Banheiro, 3 ,1
ALUGUEL KIT NET,"Um quarto. Banheiro. Sala. Br ÁGUA E ENERGIA INCLUSOS br. Casa com 1 dormitório, 1 banheiro, 1 vaga na garagem, [...]"," Parque Verde, Belém ",420, Parque Verde, Belém ,"AluguelR$420 /mêsALUGUEL KIT NETUm quarto. Banheiro. Sala. Br ÁGUA E ENERGIA INCLUSOS br. Casa com 1 dormitório, 1 banheiro, 1 vaga na garagem, [...", 1 Dormitório 1 Banheiro 1 Vaga na garagem, 1 ,1
Casa para aluguel possui 150 metros quadrados com 2 quartos em Pedreira - Belém - PA,Casa no bairro Pedreira com 150 metros quadrados com 2 quartos sendo 1 suite e 2 banheiros," Pedreira, Belém ",1650, Pedreira, Belém ,AluguelR$1.650 /mêsCasa para aluguel possui 150 metros quadrados com 2 quartos em Pedreira - Belém - PACasa no bairro Pedreira com 150 metros quadrados com 2 quartos sendo 1 suite e 2 banheiros 2 Dormitórios 2 Banheiros 1 Vaga na garagem,Desconhecido,0,0
Casa para aluguel com 80 metros quadrados com 3 quartos em Batista Campos - Belém - PA,Casa está localizado no bairro Batista Campos com 80 metros quadrados com 3 quartos e 2 banheiros," Batista Campos, Belém ",2300, Batista Campos, Belém ,AluguelR$2.300 /mêsCasa para aluguel com 80 metros quadrados com 3 quartos em Batista Campos - Belém - PACasa está localizado no bairro Batista Campos com 80 metros quadrados com 3 quartos e 2 banheiros 3 Dormitórios 2 Banheiros 1 Vaga na garagem,Desconhecido,0,0
Alugo Casa na Alferes Costa,DIANA BATISTA/38 br br Alferes costa (Senador Lemos e Pedro Álvares Cabral) br Casa com br Garagem br Sala [...]," Sacramenta, Belém ",1700, Sacramenta, Belém ,AluguelR$1.700 /mêsAlugo Casa na Alferes CostaDIANA BATISTA/38 br br Alferes costa (Senador Lemos e Pedro Álvares Cabral) br Casa com br Garagem br Sala [..., 2 Dormitórios 1 Banheiro 1 Vaga na garagem, 2 ,1
"Ponto comercial com residência nos altos, 480m², vão livre, 1 suíte, 5 vagas - Doutor Imóv","Imóvel 8x60, 480m², vão livre, banheiro. Parte superior composta por sala, 1 suíte, cozinha, área de serviço, [...]"," Marco, Belém ",10000, Marco, Belém ,"AluguelR$10.000 /mêsPonto comercial com residência nos altos, 480m², vão livre, 1 suíte, 5 vagas - Doutor ImóvImóvel 8x60, 480m², vão livre, banheiro. Parte superior composta por sala, 1 suíte, cozinha, área de serviço, [...", 1 Dormitório 2 Banheiros 5 Vagas na garagem, 1 ,2
Casa comercial,"Ideal para empresas de diversos ramos de atividade amplo estacionamento, 10 salas sendo 4 com banheiros, depósito, [...]"," Castanheira, Belém ",7000, Castanheira, Belém ,"AluguelR$7.000 /mêsCasa comercialIdeal para empresas de diversos ramos de atividade amplo estacionamento, 10 salas sendo 4 com banheiros, depósito, [...", 4 Dormitórios 5 Banheiros 5 Vagas na garagem, 4 ,5
Aluga-se Kit-Net,"Banheiro, cozinha e quarto, muito espaçosos e confortáveis, ideal para famílias pequenas ou casal. br br [...]"," Condor, Belém ",800, Condor, Belém ,"AluguelR$800 /mêsAluga-se Kit-NetBanheiro, cozinha e quarto, muito espaçosos e confortáveis, ideal para famílias pequenas ou casal. br br [...", 1 Dormitório 1 Banheiro, 1 ,1
Aluga-se casa,2/4 (1 suíte) br Banheiro social br Cozinha americana br Sala br Gradeada em vila familiar br Água e energia [...]," Pedreira, Belém ",1400, Pedreira, Belém ,AluguelR$1.400 /mêsAluga-se casa2/4 (1 suíte) br Banheiro social br Cozinha americana br Sala br Gradeada em vila familiar br Água e energia [..., 2 Dormitórios 2 Banheiros, 2 ,2
Aluga kit net,Se um kit net br Na municipalidade passagem atlântica br Entre soares carneiro e emanoel evaristo br Bairro Umarizal [...]," Umarizal, Belém ",4, Umarizal, Belém ,AluguelR$4 /mêsAluga kit netSe um kit net br Na municipalidade passagem atlântica br Entre soares carneiro e emanoel evaristo br Bairro Umarizal [..., 1 Dormitório 1 Banheiro, 1 ,1
Aluga casa ou vende se,Com uma sala e cozinha americana quarto banheiro ária de serviço com quintal no valor de 25 mil aceita proposta [...]," Agulha, Belém ",25000, Agulha, Belém ,AluguelR$25.000 /mêsAluga casa ou vende seCom uma sala e cozinha americana quarto banheiro ária de serviço com quintal no valor de 25 mil aceita proposta [..., 1 Dormitório 1 Banheiro, 1 ,1
"CASA RESIDENCIAL em BELÉM - PA, Av. 16 de Novembro - BelémPA, 66023-220","Excelente casa para alugar na 16 de novembro bem ao lado da entrada do Supermercado Nazaré, casa com 2 pavimentos, [...]"," Belém, PA",8000, Belém, PA,"AluguelR$8.000 /mêsCASA RESIDENCIAL em BELÉM - PA, Av. 16 de Novembro - BelémPA, 66023-220Excelente casa para alugar na 16 de novembro bem ao lado da entrada do Supermercado Nazaré, casa com 2 pavimentos, [...", 2 Dormitórios 2 Banheiros 3 Vagas na garagem, 2 ,2
Aluguel Julho em salinas 250 a diária,"Ap estilo kit net em salinas,na praia do Atalaia no Valle do Sal 2 por temporada. Bem localizado 98402-6995 Márcio"," Coqueiro, Belém ",250, Coqueiro, Belém ,"AluguelR$250 /mêsAluguel Julho em salinas 250 a diáriaAp estilo kit net em salinas,na praia do Atalaia no Valle do Sal 2 por temporada. Bem localizado 98402-6995 Márcio 1 Dormitório 1 Banheiro",Desconhecido,0,0
Casa com 3 dormitórios - 110m² - Umarizal - Belém/PA,Com 3 dormitórios - 110m² - Umarizal - Belém/PA br br Localizada na Travessa Manoel Evaristo - Altos br br [...]," Umarizal, Belém ",1700, Umarizal, Belém ,AluguelR$1.700 /mêsCasa com 3 dormitórios - 110m² - Umarizal - Belém/PACom 3 dormitórios - 110m² - Umarizal - Belém/PA br br Localizada na Travessa Manoel Evaristo - Altos br br [..., 3 Dormitórios 2 Banheiros, 3 ,2
Alugo Casa na Vileta,"DIANA BATISTA/41 br br Casa em Alameda fechada com portão, local seguro e tranquilo. br Tv Vileta entre Antônio [...]"," Pedreira, Belém ",1700, Pedreira, Belém ,"AluguelR$1.700 /mêsAlugo Casa na ViletaDIANA BATISTA/41 br br Casa em Alameda fechada com portão, local seguro e tranquilo. br Tv Vileta entre Antônio [...", 2 Dormitórios 1 Banheiro, 2 ,1
Aluga-se kitnet,"Kit Net br 1 quarto br 1 cozinha americana br 1 banheiro br Bem localizado, próx de hospital, farmácias, [...]"," Marco, Belém ",800, Marco, Belém ,"AluguelR$800 /mêsAluga-se kitnetKit Net br 1 quarto br 1 cozinha americana br 1 banheiro br Bem localizado, próx de hospital, farmácias, [...", 1 Dormitório 1 Banheiro, 1 ,1
Aluga-se kitnet,"Kitnet nos altos na Tv. Doutor moraes entre timbiras e caripunas, N 1045 para mais informações manda contato [...]"," Batista Campos, Belém ",750, Batista Campos, Belém ,"AluguelR$750 /mêsAluga-se kitnetKitnet nos altos na Tv. Doutor moraes entre timbiras e caripunas, N 1045 para mais informações manda contato [...", 1 Dormitório 1 Banheiro, 1 ,1
Para alugar,"Para alugar com ponto comercial. Casa com 1 dormitório, 1 banheiro, 1 vaga na garagem, aluguel por R$600 /mês, [...]"," Marambaia, Belém ",600, Marambaia, Belém ,"AluguelR$600 /mêsPara alugarPara alugar com ponto comercial. Casa com 1 dormitório, 1 banheiro, 1 vaga na garagem, aluguel por R$600 /mês, [...", 1 Dormitório 1 Banheiro 1 Vaga na garagem, 1 ,1
Kit Net,"Net fica localizado Tenone, possui 1 compartimento incluso apenas a água. Casa com 1 dormitório, 1 banheiro, [...]"," Tenoné, Belém ",350, Tenoné, Belém ,"AluguelR$350 /mêsKit NetNet fica localizado Tenone, possui 1 compartimento incluso apenas a água. Casa com 1 dormitório, 1 banheiro, [...", 1 Dormitório 1 Banheiro, 1 ,1
ALUGO Casa na Ilha de Cotijuba,"ÁREA CONSTRUÍDA 126m² - TERRENO 25X28 br br ALUGUEL UMA SEMANA 500,00 br ALUGUEL O FINAL DE SENANA 300,00 [...]"," Belém, PA",300, Belém, PA,"AluguelR$300 /mêsALUGO Casa na Ilha de CotijubaÁREA CONSTRUÍDA 126m² - TERRENO 25X28 br br ALUGUEL UMA SEMANA 500,00 br ALUGUEL O FINAL DE SENANA 300,00 [...", 2 Dormitórios 1.250m² de Área, 2 ,1
GLEBA III 2 SUITES,"Com 2 SUITES, garagem, sala com banheiro social, cozinha e área de serviço. Casa com 2 dormitórios, 3 banheiros, [...]"," Castanheira, Belém ",1800, Castanheira, Belém ,"AluguelR$1.800 /mêsGLEBA III 2 SUITESCom 2 SUITES, garagem, sala com banheiro social, cozinha e área de serviço. Casa com 2 dormitórios, 3 banheiros, [...", 2 Dormitórios 3 Banheiros 1 Vaga na garagem, 2 ,3
Casa para alugar em salinas,"Em maçarico. Casa com 3 dormitórios, 1 vaga na garagem, aluguel por R$200 /mês, localizado em Marco, Belém"," Marco, Belém ",200, Marco, Belém ,"AluguelR$200 /mêsCasa para alugar em salinasEm maçarico. Casa com 3 dormitórios, 1 vaga na garagem, aluguel por R$200 /mês, localizado em Marco, Belém 3 Dormitórios 1 Vaga na garagem",Desconhecido,0,0
Kitnet - Pedro Miranda,"Kitnet na Pedro Miranda próximo o Lider, com dois compartimentos, (um em cima e outro em baixo), banheiro na [...]"," Belém, PA",550, Belém, PA,"AluguelR$550 /mêsKitnet - Pedro MirandaKitnet na Pedro Miranda próximo o Lider, com dois compartimentos, (um em cima e outro em baixo), banheiro na [...", 3 Dormitórios 2 Suítes 2 Banheiros, 3 ,2
ALUGA-SE CABANAGEM,"Mais informações entrar em contato (91) 9 83187889. Casa com 2 dormitórios, 2 banheiros, aluguel por R$400 [...]"," Cabanagem, Belém ",400, Cabanagem, Belém ,"AluguelR$400 /mêsALUGA-SE CABANAGEMMais informações entrar em contato (91) 9 83187889. Casa com 2 dormitórios, 2 banheiros, aluguel por R$400 [...", 2 Dormitórios 2 Banheiros, 2 ,2
Linda e ampla casa de 3 qts na Barão do Triunfo!,"Linda e ampla casa de 2 pavimentos, construído em fino acabamento! No 1°pavimento 2 vagas de garagem, Sala [...]"," Belém, PA",3000, Belém, PA,"AluguelR$3.000 /mêsLinda e ampla casa de 3 qts na Barão do Triunfo!Linda e ampla casa de 2 pavimentos, construído em fino acabamento! No 1°pavimento 2 vagas de garagem, Sala [...", 3 Dormitórios 3 Banheiros 2 Vagas na garagem, 3 ,3
Belíssima casa apra alugar na Vila 3 de maio,"Excelente casa na vila 3 de Maio na Av. Generalíssimo Deodoro, entre a Gentil Bittencourt e a Conselheiro Furtado [...]"," Nazaré, Belém ",2150, Nazaré, Belém ,"AluguelR$2.150 /mêsBelíssima casa apra alugar na Vila 3 de maioExcelente casa na vila 3 de Maio na Av. Generalíssimo Deodoro, entre a Gentil Bittencourt e a Conselheiro Furtado [...", 3 Dormitórios 2 Banheiros, 3 ,2
Casa no Conjunto Castelo Branco,"VAZCOB IMÓVEIS ALUGA EM PARCERIA Casa no Conjunto Castelo Branco, na Alameda Central, próximo ao TJE. O imóvel [...]"," Curió, Belém ",2000, Curió, Belém ,"AluguelR$2.000 /mêsCasa no Conjunto Castelo BrancoVAZCOB IMÓVEIS ALUGA EM PARCERIA Casa no Conjunto Castelo Branco, na Alameda Central, próximo ao TJE. O imóvel [...", 2 Dormitórios 1 Banheiro 1 Vaga na garagem, 2 ,1
"Casa de 02 pavimentos no condomínio Montenegro Boulevard, 03 suíte 01 master, área de ch","LINDA CASA NO CONDOMÍNIO MONTENEGRO BOULEVARD. Localizado na Av. Augusto Montenegro, bairro do Parque Verde, [...]"," Parque Verde, Belém ",9000, Parque Verde, Belém ,"AluguelR$9.000 /mêsCasa de 02 pavimentos no condomínio Montenegro Boulevard, 03 suíte 01 master, área de chLINDA CASA NO CONDOMÍNIO MONTENEGRO BOULEVARD. Localizado na Av. Augusto Montenegro, bairro do Parque Verde, [...", 4 Dormitórios 4 Suítes 5 Banheiros, 4 ,4
Casa na Travessa dos Tupinambás,"VAZCOB IMÓVEIS ALUGA EM PARCERIA Casa na Travessa dos Tupinambás, Condor. O imóvel possui 04 quartos (sendo [...]"," Condor, Belém ",3000, Condor, Belém ,"AluguelR$3.000 /mêsCasa na Travessa dos TupinambásVAZCOB IMÓVEIS ALUGA EM PARCERIA Casa na Travessa dos Tupinambás, Condor. O imóvel possui 04 quartos (sendo [...", 4 Dormitórios 2 Suítes 3 Banheiros, 4 ,2
Casa de 2 pavimentos no Cidade Jardim I - 4 dormitórios sendo 2 suítes,ÓTIMA CASA DE 2 PAVIMENTOS NO CONDOMÍNIO CIDADE JARDIM I. Valor da locação já incluso taxa de condomínio. [...]," Parque Verde, Belém ",3600, Parque Verde, Belém ,AluguelR$3.600 /mêsCasa de 2 pavimentos no Cidade Jardim I - 4 dormitórios sendo 2 suítesÓTIMA CASA DE 2 PAVIMENTOS NO CONDOMÍNIO CIDADE JARDIM I. Valor da locação já incluso taxa de condomínio. [..., 4 Dormitórios 2 Suítes 5 Banheiros, 4 ,2
Casa no Condomínio Residencial Lago Azul,"VAZCOB IMÓVEIS ALUGA EM PARCERIA Casa no Condomínio Residencial Lago Azul, em Ananindeua. O imóvel possui 03 [...]"," Coqueiro, Belém ",3500, Coqueiro, Belém ,"AluguelR$3.500 /mêsCasa no Condomínio Residencial Lago AzulVAZCOB IMÓVEIS ALUGA EM PARCERIA Casa no Condomínio Residencial Lago Azul, em Ananindeua. O imóvel possui 03 [...", 3 Dormitórios 3 Suítes 1 Banheiro, 3 ,3
Casa na Conselheiro Furtado - Cremação,"VAZCOB IMÓVEIS ALUGA EM PARCERIA Casa com 02 andares na Conselheiro Furtado, Cremação. O imóvel possui 03 [...]"," Cremação, Belém ",2200, Cremação, Belém ,"AluguelR$2.200 /mêsCasa na Conselheiro Furtado - CremaçãoVAZCOB IMÓVEIS ALUGA EM PARCERIA Casa com 02 andares na Conselheiro Furtado, Cremação. O imóvel possui 03 [...", 3 Dormitórios 1 Suíte 1 Banheiro, 3 ,1
Casa na Tv. Dom Romualdo de Seixas,"VAZCOB IMÓVEIS ALUGA EM PARCERIA Casa na Travessa Dom Romualdo de Seixas, no Umarizal. O imóvel possui 03 quartos [...]"," Nazaré, Belém ",8500, Nazaré, Belém ,"AluguelR$8.500 /mêsCasa na Tv. Dom Romualdo de SeixasVAZCOB IMÓVEIS ALUGA EM PARCERIA Casa na Travessa Dom Romualdo de Seixas, no Umarizal. O imóvel possui 03 quartos [...", 3 Dormitórios 1 Suíte 1 Banheiro, 3 ,1
Casa no Condomínio Montenegro Boulevard,"VAZCOB IMÓVEIS ALUGA EM PARCERIA Casa no Condomínio Montenegro Boulevard, na Augusto Montenegro. O imóvel possui [...]"," Parque Verde, Belém ",9800, Parque Verde, Belém ,"AluguelR$9.800 /mêsCasa no Condomínio Montenegro BoulevardVAZCOB IMÓVEIS ALUGA EM PARCERIA Casa no Condomínio Montenegro Boulevard, na Augusto Montenegro. O imóvel possui [...", 4 Dormitórios 2 Suítes 5 Banheiros, 4 ,2
Casa no Souza px Assembleia Paraense,"Excelente casa térrea, contendo patio/garagem, ampla sala, 4/4, sendo 1 suite, cozinha com armários, área de [...]"," Souza, Belém ",1900, Souza, Belém ,"AluguelR$1.900 /mêsCasa no Souza px Assembleia ParaenseExcelente casa térrea, contendo patio/garagem, ampla sala, 4/4, sendo 1 suite, cozinha com armários, área de [...", 1 Suíte 2 Banheiros 1 Vaga na garagem,2,0
CASA DE PRAIA NO MOSQUEIRO,"EXCELENTE IMÓVEL ESTILO COLONIAL COM 04 QUARTOS, GARAGEM COBERTA, MOBILIADA, COZINHA EQUIPADA, VARANDA, ÁREA [...]"," Ariramba, Belém ",1300, Ariramba, Belém ,"AluguelR$1.300 /mêsCASA DE PRAIA NO MOSQUEIROEXCELENTE IMÓVEL ESTILO COLONIAL COM 04 QUARTOS, GARAGEM COBERTA, MOBILIADA, COZINHA EQUIPADA, VARANDA, ÁREA [...", 4 Dormitórios 2 Suítes 4 Banheiros, 4 ,2
Excelente imóvel comercial bem localizado,Excelente imóvel comercial com área de 10 m x 60 m de fundos com área construída de 450 m². Br / br / Locação [...]," Umarizal, Belém ",13000000, Umarizal, Belém ,AluguelR$13.000.000 /mêsExcelente imóvel comercial bem localizadoExcelente imóvel comercial com área de 10 m x 60 m de fundos com área construída de 450 m². Br / br / Locação [..., 6 Dormitórios 3 Suítes 5 Banheiros, 6 ,3
Excelente Casa para Locação na Av. Conselheiro Furtado 156 m²,CASA BANGALÔ br / br / br / -Casa altos e baixos br / -Térreo br / -Garagem para 1 carro e área gradeada. [...]," Cremação, Belém ",2500, Cremação, Belém ,AluguelR$2.500 /mêsExcelente Casa para Locação na Av. Conselheiro Furtado 156 m²CASA BANGALÔ br / br / br / -Casa altos e baixos br / -Térreo br / -Garagem para 1 carro e área gradeada. [..., 3 Dormitórios 2 Banheiros 1 Vaga na garagem, 3 ,2
Casa com piscina No Umarizal,"Excelente casa de 2 pavimentos, garagem para 4 carros, pátio grande, sala 2 ambientes, quarto grande,copa cozinha, [...]"," Umarizal, Belém ",4500, Umarizal, Belém ,"AluguelR$4.500 /mêsCasa com piscina No UmarizalExcelente casa de 2 pavimentos, garagem para 4 carros, pátio grande, sala 2 ambientes, quarto grande,copa cozinha, [...", 5 Dormitórios 2 Suítes 5 Banheiros, 5 ,2
"Casa para Locação em Belém, Nazaré, 4 dormitórios, 2 banheiros","Alugamos excelente Casa para fins comericias ou residenciais, bem localizada a Av. Gentil Bitencourt, 1548 entre [...]"," Nazaré, Belém ",3000, Nazaré, Belém ,"AluguelR$3.000 /mêsCasa para Locação em Belém, Nazaré, 4 dormitórios, 2 banheirosAlugamos excelente Casa para fins comericias ou residenciais, bem localizada a Av. Gentil Bitencourt, 1548 entre [...", 4 Dormitórios 2 Banheiros, 4 ,2
"Casa para Locação em Belém, Umarizal, 4 dormitórios, 2 suítes, 4 banheiros, 3 vagas",A Mota imóveis trás à você uma ótima oportunidade de estar adquirindo sua moradia ou alavancando seus negócios. [...]," Umarizal, Belém ",20000, Umarizal, Belém ,"AluguelR$20.000 /mêsCasa para Locação em Belém, Umarizal, 4 dormitórios, 2 suítes, 4 banheiros, 3 vagasA Mota imóveis trás à você uma ótima oportunidade de estar adquirindo sua moradia ou alavancando seus negócios. [...", 4 Dormitórios 2 Suítes 4 Banheiros, 4 ,2
1 dormitório na Avenida Generalíssimo Deodoro,Excelente casa distribuída em dois pavimentos na Av. Generalíssimo Deodoro no bairro do Umarizal Código A048 [...]," Umarizal, Belém ",3500, Umarizal, Belém ,AluguelR$3.500 /mês1 dormitório na Avenida Generalíssimo DeodoroExcelente casa distribuída em dois pavimentos na Av. Generalíssimo Deodoro no bairro do Umarizal Código A048 [..., 1 Dormitório 2 Banheiros, 1 ,2
2 banheiro na Avenida Gentil Bittencourt,"Excelente casa comercial na Travessa Castelo Branco, entre Magalhães Barata e Gentil no bairro de São brás [...]"," São Brás, Belém ",3970, São Brás, Belém ,"AluguelR$3.970 /mês2 banheiro na Avenida Gentil BittencourtExcelente casa comercial na Travessa Castelo Branco, entre Magalhães Barata e Gentil no bairro de São brás [...", 2 Banheiros 2 Vagas na garagem, 2 ,0
D A Imóveis Aluga bela casa localizada na Avenida Generalíssimo Deodoro,"D A Imóveis Aluga bela casa localizada na Avenida Generalíssimo Deodoro br br Para informações e agendamentos, [...]"," Nazaré, Belém ",2100, Nazaré, Belém ,"AluguelR$2.100 /mêsD A Imóveis Aluga bela casa localizada na Avenida Generalíssimo DeodoroD A Imóveis Aluga bela casa localizada na Avenida Generalíssimo Deodoro br br Para informações e agendamentos, [...", 3 Dormitórios 2 Banheiros, 3 ,2
"CASA RESIDENCIAL em BELÉM - PA, UMARIZAL",Excelente casa distribuída em dois pavimentos na Av. Generalíssimo Deodoro no bairro do Umarizal br br Código [...]," Umarizal, Belém ",3500, Umarizal, Belém ,"AluguelR$3.500 /mêsCASA RESIDENCIAL em BELÉM - PA, UMARIZALExcelente casa distribuída em dois pavimentos na Av. Generalíssimo Deodoro no bairro do Umarizal br br Código [...", 1 Dormitório 2 Banheiros, 1 ,2
3 dormitórios na Avenida Generalíssimo Deodoro,"Excelente casa comercial com 2 pavimentos, na Avenida Generalíssimo Deodoro no bairro do Umarizal. Código AE016 [...]"," Umarizal, Belém ",2669, Umarizal, Belém ,"AluguelR$2.669 /mês3 dormitórios na Avenida Generalíssimo DeodoroExcelente casa comercial com 2 pavimentos, na Avenida Generalíssimo Deodoro no bairro do Umarizal. Código AE016 [...", 3 Dormitórios 1 Banheiro, 3 ,1
"CASA RESIDENCIAL em Belém - PA, Marco","Excelente casa duplex para alugar, na Trav. Timbó, ao lado da autoescola Foca, quase na esquina com a Duque de [...]"," Marco, Belém ",2500, Marco, Belém ,"AluguelR$2.500 /mêsCASA RESIDENCIAL em Belém - PA, MarcoExcelente casa duplex para alugar, na Trav. Timbó, ao lado da autoescola Foca, quase na esquina com a Duque de [...", 3 Dormitórios 1 Suíte 2 Banheiros, 3 ,1
3 dormitórios na Avenida Generalíssimo Deodoro,"Excelente casa na Vila 3 de Maio na Av. Generalíssimo Deodoro, entre a Gentil Bittencourt e a Conselheiro Furtado. [...]"," Nazaré, Belém ",2150, Nazaré, Belém ,"AluguelR$2.150 /mês3 dormitórios na Avenida Generalíssimo DeodoroExcelente casa na Vila 3 de Maio na Av. Generalíssimo Deodoro, entre a Gentil Bittencourt e a Conselheiro Furtado. [...", 3 Dormitórios 2 Banheiros, 3 ,2
"4 dormitórios, 2 suíte, 3 banheiro, 160M² de Área Construída",Excelente casa comercial no panorama XXI de frente para Augusto Montenegro no bairro do Mangueirão Código AR018(para [...]," Mangueirão, Belém ",2500, Mangueirão, Belém ,"AluguelR$2.500 /mês4 dormitórios, 2 suíte, 3 banheiro, 160M² de Área ConstruídaExcelente casa comercial no panorama XXI de frente para Augusto Montenegro no bairro do Mangueirão Código AR018(para [...", 4 Dormitórios 2 Suítes 3 Banheiros, 4 ,2
"3 dormitórios, 1 suítes, 2 banheiro, 1 vaga na garagem, 217M² de Área Construída","Excelente casa duplex para alugar, na Trav. Timbó, ao lado da autoescola Foca, quase na esquina com a Duque de [...]"," Marco, Belém ",2500, Marco, Belém ,"AluguelR$2.500 /mês3 dormitórios, 1 suítes, 2 banheiro, 1 vaga na garagem, 217M² de Área ConstruídaExcelente casa duplex para alugar, na Trav. Timbó, ao lado da autoescola Foca, quase na esquina com a Duque de [...", 3 Dormitórios 1 Suíte 2 Banheiros, 3 ,1
"CASA RESIDENCIAL em BELÉM - PA, CONDOR","Excelente casa na Travessa Tupinambás Nº 338, no bairro da Batista Campos br br Código AR010(para facilitar [...]"," Condor, Belém ",4500, Condor, Belém ,"AluguelR$4.500 /mêsCASA RESIDENCIAL em BELÉM - PA, CONDORExcelente casa na Travessa Tupinambás Nº 338, no bairro da Batista Campos br br Código AR010(para facilitar [...", 3 Dormitórios 3 Suítes 2 Vagas na garagem, 3 ,3
"3 dormitórios, 1 suítes, 2 banheiro, 110M² de Área Construída",Belíssima casa na Travessa Manoel Evaristo no bairro do Umarizal. Altos Código AR09(para facilitar o atendimento [...]," Umarizal, Belém ",1921, Umarizal, Belém ,"AluguelR$1.921 /mês3 dormitórios, 1 suítes, 2 banheiro, 110M² de Área ConstruídaBelíssima casa na Travessa Manoel Evaristo no bairro do Umarizal. Altos Código AR09(para facilitar o atendimento [...", 3 Dormitórios 1 Suíte 2 Banheiros, 3 ,1
Casa com 4 dorms em Belém - Marco por 2 mil para alugar,"Sua fam iacute lia eacute grande, com muitos m oacute veis grandes e n atilde o eacute qualquer casa e apartamento [...]"," Marco, Belém ",2000, Marco, Belém ,"AluguelR$2.000 /mêsCasa com 4 dorms em Belém - Marco por 2 mil para alugarSua fam iacute lia eacute grande, com muitos m oacute veis grandes e n atilde o eacute qualquer casa e apartamento [...", 4 Dormitórios 1 Suíte 3 Banheiros, 4 ,1
"3 dormitórios, 3 suíte, 2 vagas na garagem, 269M² de Área Construída","Excelente casa na Travessa Tupinambás Nº 338, no bairro da Batista Campos Código AR010(para facilitar o atendimento [...]"," Condor, Belém ",4500, Condor, Belém ,"AluguelR$4.500 /mês3 dormitórios, 3 suíte, 2 vagas na garagem, 269M² de Área ConstruídaExcelente casa na Travessa Tupinambás Nº 338, no bairro da Batista Campos Código AR010(para facilitar o atendimento [...", 3 Dormitórios 3 Suítes 2 Vagas na garagem, 3 ,3
Casa no Conjunto Cordeiro de Farias,"Casa no Conjunto Cordeiro de Farias localizado na Alemeda 02 próximo a principal, próximos a parada de ônibus, [...]"," Tapanã, Belém ",700, Tapanã, Belém ,"AluguelR$700 /mêsCasa no Conjunto Cordeiro de FariasCasa no Conjunto Cordeiro de Farias localizado na Alemeda 02 próximo a principal, próximos a parada de ônibus, [...", 3 Dormitórios 1 Banheiro 2 Vagas na garagem, 3 ,1
Casa com 3 dorms em Belém - Umarizal por 1.7 mil para alugar,Quer morar numa casa no umarizal mas a preocupa ccedil atilde o eacute com a seguran ccedil a Que tal morar [...]," Umarizal, Belém ",1700, Umarizal, Belém ,AluguelR$1.700 /mêsCasa com 3 dorms em Belém - Umarizal por 1.7 mil para alugarQuer morar numa casa no umarizal mas a preocupa ccedil atilde o eacute com a seguran ccedil a Que tal morar [..., 3 Dormitórios 1 Suíte 2 Banheiros, 3 ,1
